stratum,r,gene_set
any_pair,0.0115,all
any_pair,0.0012,all
any_pair,0.0073,all
any_pair,0.0224,all
any_pair,-0.0163,all
any_pair,0.0398,all
any_pair,-0.0151,all
any_pair,0.1069,all
any_pair,0.0517,all
any_pair,0.0031,all
any_pair,0.0252,all
any_pair,0.0157,all
any_pair,0.0032,all
any_pair,0.0018,all
any_pair,0.0449,all
any_pair,0.0475,all
any_pair,0.0063,all
any_pair,0.0516,all
any_pair,0.0659,all
any_pair,0.0108,all
any_pair,-0.0343,all
any_pair,-0.0243,all
any_pair,0.017,all
any_pair,0.0045,all
any_pair,0.0542,all
any_pair,0.0329,all
any_pair,0.0469,all
any_pair,0.0215,all
any_pair,-0.0042,all
any_pair,0.1237,all
any_pair,-0.0515,all
any_pair,0.0044,all
any_pair,0.0157,all
any_pair,0.0309,all
any_pair,0.0179,all
any_pair,-0.0305,all
any_pair,0.017,all
any_pair,0.0494,all
any_pair,0.0416,all
any_pair,0.0242,all
any_pair,-0.0108,all
any_pair,0.0146,all
any_pair,-0.0293,all
any_pair,0.0313,all
any_pair,0.0237,all
any_pair,-0.0523,all
any_pair,-0.0001,all
any_pair,0.0347,all
any_pair,-0.006,all
any_pair,0.0102,all
any_pair,0.0478,all
any_pair,0.0412,all
any_pair,0.0086,all
any_pair,0.0143,all
any_pair,0.0346,all
any_pair,0.0129,all
any_pair,0.0502,all
any_pair,0.127,all
any_pair,0.0521,all
any_pair,0.0208,all
any_pair,0.0126,all
any_pair,0.0152,all
any_pair,0.0074,all
any_pair,0.0201,all
any_pair,0.0054,all
any_pair,0.0094,all
any_pair,0.0536,all
any_pair,-0.0202,all
any_pair,-0.0119,all
any_pair,0.0034,all
any_pair,-0.0412,all
any_pair,0.0095,all
any_pair,-0.0238,all
any_pair,-0.0237,all
any_pair,0.0354,all
any_pair,0.0337,all
any_pair,0.0133,all
any_pair,0.0357,all
any_pair,-0.053,all
any_pair,0.0062,all
any_pair,0.0187,all
any_pair,0.0046,all
any_pair,0.0156,all
any_pair,0.0272,all
any_pair,-0.0184,all
any_pair,0.0155,all
any_pair,0.0046,all
any_pair,0.0209,all
any_pair,0.0016,all
any_pair,0.0039,all
any_pair,0.0303,all
any_pair,0.0317,all
any_pair,0.0449,all
any_pair,-0.038,all
any_pair,0.0128,all
any_pair,0.0159,all
any_pair,0.0152,all
any_pair,0.0036,all
any_pair,0.037,all
any_pair,0.0579,all
any_pair,-0.0002,all
any_pair,0.021,all
any_pair,0.058,all
any_pair,0.0053,all
any_pair,0.0237,all
any_pair,0.0005,all
any_pair,0.0362,all
any_pair,0.1076,all
any_pair,0.053,all
any_pair,0.0287,all
any_pair,0.0464,all
any_pair,0.0364,all
any_pair,0.0438,all
any_pair,0.0278,all
any_pair,0.0387,all
any_pair,0.0123,all
any_pair,0.0138,all
any_pair,-0.0222,all
any_pair,0.001,all
any_pair,-0.0452,all
any_pair,0.0543,all
any_pair,0.0248,all
any_pair,0.008,all
any_pair,0.0564,all
any_pair,0.0169,all
any_pair,0.0135,all
any_pair,0.0445,all
any_pair,0.0441,all
any_pair,0.0199,all
any_pair,0.0337,all
any_pair,0.0323,all
any_pair,-0.0012,all
any_pair,0.0829,all
any_pair,0.0235,all
any_pair,0.026,all
any_pair,0.0351,all
any_pair,0.0164,all
any_pair,-0.0094,all
any_pair,0.0573,all
any_pair,-0.0159,all
any_pair,0.0184,all
any_pair,0.0258,all
any_pair,-0.0084,all
any_pair,0.0454,all
any_pair,-0.0028,all
any_pair,0.0224,all
any_pair,0.0184,all
any_pair,0.0339,all
any_pair,0.0407,all
any_pair,0.0165,all
any_pair,0.0339,all
any_pair,0.074,all
any_pair,-0.0137,all
any_pair,0.0367,all
any_pair,0.0019,all
any_pair,-0.0,all
any_pair,-0.0119,all
any_pair,0.0273,all
any_pair,0.0049,all
any_pair,0.0142,all
any_pair,0.033,all
any_pair,0.02,all
any_pair,0.012,all
any_pair,0.0261,all
any_pair,0.0192,all
any_pair,0.0242,all
any_pair,0.0387,all
any_pair,0.0345,all
any_pair,0.1024,all
any_pair,0.049,all
any_pair,0.0029,all
any_pair,0.0138,all
any_pair,-0.0104,all
any_pair,0.0358,all
any_pair,0.0261,all
any_pair,-0.0235,all
any_pair,0.0174,all
any_pair,0.0228,all
any_pair,0.045,all
any_pair,0.1445,all
any_pair,0.0161,all
any_pair,0.0368,all
any_pair,-0.0195,all
any_pair,-0.0061,all
any_pair,0.0096,all
any_pair,0.0075,all
any_pair,0.0154,all
any_pair,0.0142,all
any_pair,0.0079,all
any_pair,0.0201,all
any_pair,0.0434,all
any_pair,0.0619,all
any_pair,0.0339,all
any_pair,0.0058,all
any_pair,0.026,all
any_pair,-0.018,all
any_pair,0.0172,all
any_pair,-0.0104,all
any_pair,0.05,all
any_pair,0.024,all
any_pair,-0.0107,all
any_pair,0.0596,all
any_pair,-0.0011,all
any_pair,0.0229,all
any_pair,0.0382,all
any_pair,-0.0065,all
any_pair,0.0097,all
any_pair,0.0074,all
any_pair,0.0094,all
any_pair,0.0355,all
any_pair,0.0256,all
any_pair,0.0163,all
any_pair,0.0353,all
any_pair,0.0431,all
any_pair,0.0251,all
any_pair,0.0461,all
any_pair,0.0262,all
any_pair,0.0167,all
any_pair,0.0368,all
any_pair,0.0783,all
any_pair,-0.0048,all
any_pair,0.0243,all
any_pair,0.0182,all
any_pair,0.0424,all
any_pair,0.0301,all
any_pair,0.0196,all
any_pair,0.0391,all
any_pair,0.017,all
any_pair,0.0158,all
any_pair,0.0526,all
any_pair,-0.0042,all
any_pair,0.0035,all
any_pair,-0.0043,all
any_pair,0.0279,all
any_pair,0.0409,all
any_pair,0.021,all
any_pair,0.0178,all
any_pair,-0.0515,all
any_pair,-0.039,all
any_pair,-0.0016,all
any_pair,0.009,all
any_pair,0.0307,all
any_pair,0.0276,all
any_pair,-0.0082,all
any_pair,0.0804,all
any_pair,-0.0193,all
any_pair,0.0382,all
any_pair,0.0118,all
any_pair,0.005,all
any_pair,-0.0005,all
any_pair,0.0196,all
any_pair,-0.0467,all
any_pair,-0.023,all
any_pair,0.0277,all
any_pair,0.0072,all
any_pair,-0.0418,all
any_pair,0.0961,all
any_pair,-0.0207,all
any_pair,0.0337,all
any_pair,0.0266,all
any_pair,0.024,all
any_pair,0.0582,all
any_pair,0.0135,all
any_pair,-0.0104,all
any_pair,0.0028,all
any_pair,-0.0079,all
any_pair,-0.0198,all
any_pair,-0.0161,all
any_pair,-0.0114,all
any_pair,-0.0145,all
any_pair,-0.0014,all
any_pair,0.0226,all
any_pair,0.0072,all
any_pair,0.0288,all
any_pair,0.0058,all
any_pair,0.0389,all
any_pair,0.0177,all
any_pair,0.065,all
any_pair,-0.0229,all
any_pair,0.0447,all
any_pair,0.0452,all
any_pair,-0.0131,all
any_pair,-0.0007,all
any_pair,0.0159,all
any_pair,-0.0307,all
any_pair,0.0834,all
any_pair,0.0127,all
any_pair,-0.0028,all
any_pair,0.0082,all
any_pair,0.0463,all
any_pair,-0.002,all
any_pair,0.0124,all
any_pair,0.0237,all
any_pair,0.0091,all
any_pair,0.0336,all
any_pair,-0.0021,all
any_pair,0.0429,all
any_pair,0.0029,all
any_pair,-0.0268,all
any_pair,0.0127,all
any_pair,-0.0234,all
any_pair,0.0226,all
any_pair,0.0797,all
any_pair,0.036,all
any_pair,0.0234,all
any_pair,0.0366,all
any_pair,0.0104,all
any_pair,0.0387,all
any_pair,0.0263,all
any_pair,0.0184,all
any_pair,-0.0085,all
any_pair,-0.0162,all
any_pair,-0.0177,all
any_pair,0.0292,all
any_pair,0.021,all
any_pair,0.027,all
any_pair,0.0024,all
any_pair,0.0239,all
any_pair,-0.0185,all
any_pair,0.0158,all
any_pair,0.0605,all
any_pair,0.0388,all
any_pair,0.0397,all
any_pair,0.0319,all
any_pair,0.0384,all
any_pair,0.0237,all
any_pair,0.0177,all
any_pair,0.0263,all
any_pair,-0.006,all
any_pair,0.0138,all
any_pair,0.0304,all
any_pair,0.0328,all
any_pair,0.0354,all
any_pair,-0.0155,all
any_pair,0.0259,all
any_pair,0.0205,all
any_pair,0.1093,all
any_pair,0.0303,all
any_pair,0.0127,all
any_pair,-0.0115,all
any_pair,0.0168,all
any_pair,0.0125,all
any_pair,0.0105,all
any_pair,0.022,all
any_pair,0.0108,all
any_pair,0.0273,all
any_pair,0.0056,all
any_pair,0.0091,all
any_pair,0.0312,all
any_pair,0.0098,all
any_pair,0.0248,all
any_pair,-0.0172,all
any_pair,0.0192,all
any_pair,0.0029,all
any_pair,-0.0272,all
any_pair,0.0182,all
any_pair,0.046,all
any_pair,0.015,all
any_pair,0.004,all
any_pair,-0.0017,all
any_pair,0.0177,all
any_pair,-0.0043,all
any_pair,0.0518,all
any_pair,-0.018,all
any_pair,0.0012,all
any_pair,0.0213,all
any_pair,0.0198,all
any_pair,0.1867,all
any_pair,0.0489,all
any_pair,0.0377,all
any_pair,-0.016,all
any_pair,0.0223,all
any_pair,-0.0012,all
any_pair,-0.0032,all
any_pair,0.0181,all
any_pair,0.0436,all
any_pair,0.0231,all
any_pair,0.043,all
any_pair,-0.0009,all
any_pair,0.0258,all
any_pair,-0.0044,all
any_pair,0.0447,all
any_pair,-0.0025,all
any_pair,-0.0037,all
any_pair,0.0341,all
any_pair,-0.0184,all
any_pair,0.0184,all
any_pair,0.0038,all
any_pair,0.0389,all
any_pair,0.0073,all
any_pair,0.0175,all
any_pair,0.0475,all
any_pair,-0.0024,all
any_pair,0.0782,all
any_pair,0.0136,all
any_pair,0.0407,all
any_pair,0.0361,all
any_pair,-0.0085,all
any_pair,0.0391,all
any_pair,0.0361,all
any_pair,0.0245,all
any_pair,0.0233,all
any_pair,0.0403,all
any_pair,0.0012,all
any_pair,-0.0295,all
any_pair,-0.0036,all
any_pair,0.0185,all
any_pair,0.0211,all
any_pair,0.0443,all
any_pair,-0.0385,all
any_pair,-0.0262,all
any_pair,0.025,all
any_pair,-0.0163,all
any_pair,0.0137,all
any_pair,0.0216,all
any_pair,-0.0197,all
any_pair,0.0379,all
any_pair,-0.0126,all
any_pair,0.1596,all
any_pair,-0.0041,all
any_pair,0.0023,all
any_pair,0.0045,all
any_pair,0.0142,all
any_pair,0.0616,all
any_pair,-0.0115,all
any_pair,0.0331,all
any_pair,0.0104,all
any_pair,0.0233,all
any_pair,-0.0257,all
any_pair,0.2313,all
any_pair,0.0088,all
any_pair,0.0021,all
any_pair,0.0197,all
any_pair,0.0349,all
any_pair,0.0539,all
any_pair,0.0119,all
any_pair,-0.0031,all
any_pair,0.0111,all
any_pair,0.0087,all
any_pair,0.0204,all
any_pair,0.0512,all
any_pair,0.0119,all
any_pair,-0.0075,all
any_pair,-0.016,all
any_pair,0.0098,all
any_pair,0.0213,all
any_pair,0.0208,all
any_pair,-0.0091,all
any_pair,0.0328,all
any_pair,0.0021,all
any_pair,0.0541,all
any_pair,0.0025,all
any_pair,0.0397,all
any_pair,-0.0165,all
any_pair,0.0335,all
any_pair,0.0155,all
any_pair,-0.0191,all
any_pair,-0.004,all
any_pair,0.0345,all
any_pair,0.0191,all
any_pair,-0.0016,all
any_pair,0.0195,all
any_pair,0.0545,all
any_pair,-0.001,all
any_pair,0.0125,all
any_pair,-0.0066,all
any_pair,0.0561,all
any_pair,0.035,all
any_pair,-0.0069,all
any_pair,0.0276,all
any_pair,-0.0035,all
any_pair,-0.0259,all
any_pair,0.0072,all
any_pair,0.0282,all
any_pair,0.0046,all
any_pair,0.0566,all
any_pair,0.0463,all
any_pair,0.0443,all
any_pair,0.057,all
any_pair,0.0507,all
any_pair,0.0352,all
any_pair,0.0464,all
any_pair,-0.0055,all
any_pair,0.0015,all
any_pair,-0.0115,all
any_pair,0.0286,all
any_pair,-0.0092,all
any_pair,0.0078,all
any_pair,0.0042,all
any_pair,0.0438,all
any_pair,-0.0044,all
any_pair,0.0253,all
any_pair,0.0134,all
any_pair,0.0306,all
any_pair,0.0401,all
any_pair,-0.0135,all
any_pair,0.0147,all
any_pair,0.0202,all
any_pair,-0.0065,all
any_pair,0.0143,all
diff_drug,0.0452,all
diff_drug,-0.001,all
diff_drug,-0.0025,all
diff_drug,-0.0204,all
diff_drug,-0.0208,all
diff_drug,0.0501,all
diff_drug,-0.0098,all
diff_drug,0.0042,all
diff_drug,0.0124,all
diff_drug,0.047,all
diff_drug,0.0378,all
diff_drug,0.0432,all
diff_drug,0.0258,all
diff_drug,0.0036,all
diff_drug,0.0274,all
diff_drug,0.0048,all
diff_drug,0.0276,all
diff_drug,-0.043,all
diff_drug,0.0577,all
diff_drug,0.0272,all
diff_drug,0.0221,all
diff_drug,0.0476,all
diff_drug,0.0356,all
diff_drug,0.0271,all
diff_drug,0.0334,all
diff_drug,0.0325,all
diff_drug,0.0094,all
diff_drug,-0.0074,all
diff_drug,0.0406,all
diff_drug,-0.0127,all
diff_drug,0.0127,all
diff_drug,-0.0319,all
diff_drug,0.0229,all
diff_drug,0.0432,all
diff_drug,0.0183,all
diff_drug,0.0006,all
diff_drug,0.0179,all
diff_drug,0.0151,all
diff_drug,0.0258,all
diff_drug,0.0015,all
diff_drug,0.0046,all
diff_drug,0.0166,all
diff_drug,0.0137,all
diff_drug,0.0307,all
diff_drug,0.0026,all
diff_drug,0.0531,all
diff_drug,0.016,all
diff_drug,-0.02,all
diff_drug,-0.0107,all
diff_drug,0.0291,all
diff_drug,-0.0196,all
diff_drug,0.0222,all
diff_drug,0.0225,all
diff_drug,0.0347,all
diff_drug,0.0333,all
diff_drug,0.007,all
diff_drug,0.0369,all
diff_drug,-0.0073,all
diff_drug,0.0055,all
diff_drug,-0.0011,all
diff_drug,0.0012,all
diff_drug,0.0302,all
diff_drug,0.0372,all
diff_drug,0.0036,all
diff_drug,0.0049,all
diff_drug,0.0239,all
diff_drug,-0.0454,all
diff_drug,0.0337,all
diff_drug,0.0295,all
diff_drug,0.0374,all
diff_drug,-0.0064,all
diff_drug,0.0383,all
diff_drug,-0.002,all
diff_drug,0.0322,all
diff_drug,0.006,all
diff_drug,0.0244,all
diff_drug,0.0029,all
diff_drug,0.015,all
diff_drug,-0.0002,all
diff_drug,0.022,all
diff_drug,0.0119,all
diff_drug,0.0316,all
diff_drug,0.0209,all
diff_drug,-0.0113,all
diff_drug,0.0147,all
diff_drug,-0.0128,all
diff_drug,0.0086,all
diff_drug,-0.0054,all
diff_drug,0.0177,all
diff_drug,0.0455,all
diff_drug,-0.0148,all
diff_drug,0.042,all
diff_drug,0.092,all
diff_drug,0.0022,all
diff_drug,-0.0006,all
diff_drug,0.0085,all
diff_drug,0.0279,all
diff_drug,0.0348,all
diff_drug,0.0295,all
diff_drug,0.0135,all
diff_drug,0.0436,all
diff_drug,-0.0171,all
diff_drug,0.0036,all
diff_drug,-0.0089,all
diff_drug,0.0248,all
diff_drug,-0.0019,all
diff_drug,-0.0518,all
diff_drug,-0.0255,all
diff_drug,0.0415,all
diff_drug,-0.028,all
diff_drug,0.0246,all
diff_drug,-0.0013,all
diff_drug,0.0095,all
diff_drug,0.0308,all
diff_drug,0.0119,all
diff_drug,0.0516,all
diff_drug,-0.0289,all
diff_drug,0.0674,all
diff_drug,0.0084,all
diff_drug,0.0612,all
diff_drug,0.0353,all
diff_drug,0.0109,all
diff_drug,0.0204,all
diff_drug,-0.0024,all
diff_drug,-0.0137,all
diff_drug,0.0248,all
diff_drug,0.0008,all
diff_drug,0.0962,all
diff_drug,-0.0045,all
diff_drug,0.0208,all
diff_drug,0.0417,all
diff_drug,0.0266,all
diff_drug,-0.0032,all
diff_drug,0.0081,all
diff_drug,0.0179,all
diff_drug,0.0595,all
diff_drug,-0.0424,all
diff_drug,0.0308,all
diff_drug,0.011,all
diff_drug,-0.0086,all
diff_drug,-0.0029,all
diff_drug,0.0365,all
diff_drug,-0.0005,all
diff_drug,0.0256,all
diff_drug,0.0119,all
diff_drug,0.0436,all
diff_drug,0.0359,all
diff_drug,0.0139,all
diff_drug,0.0282,all
diff_drug,0.0397,all
diff_drug,0.0151,all
diff_drug,0.0425,all
diff_drug,-0.0221,all
diff_drug,0.0703,all
diff_drug,0.0329,all
diff_drug,-0.0078,all
diff_drug,-0.0049,all
diff_drug,0.0264,all
diff_drug,0.0568,all
diff_drug,0.0154,all
diff_drug,-0.0427,all
diff_drug,0.0228,all
diff_drug,0.0259,all
diff_drug,0.0276,all
diff_drug,0.0165,all
diff_drug,0.0546,all
diff_drug,0.007,all
diff_drug,0.068,all
diff_drug,0.0427,all
diff_drug,0.0153,all
diff_drug,0.0456,all
diff_drug,0.0377,all
diff_drug,-0.0127,all
diff_drug,0.0305,all
diff_drug,0.0167,all
diff_drug,-0.0092,all
diff_drug,0.0376,all
diff_drug,0.0256,all
diff_drug,0.0206,all
diff_drug,0.0029,all
diff_drug,-0.0006,all
diff_drug,0.0085,all
diff_drug,-0.0284,all
diff_drug,0.008,all
diff_drug,0.0297,all
diff_drug,0.0112,all
diff_drug,0.0071,all
diff_drug,0.0324,all
diff_drug,0.0252,all
diff_drug,-0.0123,all
diff_drug,0.0311,all
diff_drug,0.0197,all
diff_drug,0.0263,all
diff_drug,0.0289,all
diff_drug,0.0121,all
diff_drug,0.0296,all
diff_drug,0.0305,all
diff_drug,0.0164,all
diff_drug,0.0452,all
diff_drug,0.0623,all
diff_drug,0.005,all
diff_drug,0.026,all
diff_drug,0.0223,all
diff_drug,0.0049,all
diff_drug,0.0109,all
diff_drug,0.0174,all
diff_drug,0.0377,all
diff_drug,0.0166,all
diff_drug,0.0313,all
diff_drug,-0.0233,all
diff_drug,0.0009,all
diff_drug,-0.0103,all
diff_drug,-0.0063,all
diff_drug,-0.0439,all
diff_drug,-0.0009,all
diff_drug,0.0286,all
diff_drug,0.0381,all
diff_drug,-0.0003,all
diff_drug,-0.0072,all
diff_drug,0.0319,all
diff_drug,0.0043,all
diff_drug,0.0088,all
diff_drug,-0.0044,all
diff_drug,0.033,all
diff_drug,0.0224,all
diff_drug,0.015,all
diff_drug,0.0358,all
diff_drug,-0.0035,all
diff_drug,-0.0256,all
diff_drug,0.0041,all
diff_drug,0.0033,all
diff_drug,0.0281,all
diff_drug,-0.0063,all
diff_drug,0.057,all
diff_drug,0.0145,all
diff_drug,0.0089,all
diff_drug,-0.0148,all
diff_drug,0.0329,all
diff_drug,0.0469,all
diff_drug,-0.0084,all
diff_drug,0.0355,all
diff_drug,0.0454,all
diff_drug,0.0064,all
diff_drug,0.0546,all
diff_drug,0.0465,all
diff_drug,0.0141,all
diff_drug,0.006,all
diff_drug,-0.0174,all
diff_drug,0.0211,all
diff_drug,0.0084,all
diff_drug,-0.0016,all
diff_drug,0.0126,all
diff_drug,0.0384,all
diff_drug,-0.0048,all
diff_drug,0.0195,all
diff_drug,0.0038,all
diff_drug,0.0087,all
diff_drug,0.027,all
diff_drug,-0.0016,all
diff_drug,-0.0093,all
diff_drug,0.0112,all
diff_drug,0.0267,all
diff_drug,0.0324,all
diff_drug,0.0485,all
diff_drug,-0.0093,all
diff_drug,-0.0139,all
diff_drug,-0.0229,all
diff_drug,0.0531,all
diff_drug,0.0105,all
diff_drug,0.0214,all
diff_drug,-0.0255,all
diff_drug,0.0234,all
diff_drug,0.0182,all
diff_drug,0.0508,all
diff_drug,-0.0504,all
diff_drug,-0.0335,all
diff_drug,0.037,all
diff_drug,0.0195,all
diff_drug,-0.0036,all
diff_drug,0.0539,all
diff_drug,-0.0099,all
diff_drug,-0.0192,all
diff_drug,0.0435,all
diff_drug,0.0584,all
diff_drug,0.0399,all
diff_drug,0.0198,all
diff_drug,0.0193,all
diff_drug,0.0276,all
diff_drug,-0.013,all
diff_drug,0.0118,all
diff_drug,0.0504,all
diff_drug,0.052,all
diff_drug,-0.0057,all
diff_drug,0.0277,all
diff_drug,-0.0252,all
diff_drug,0.0014,all
diff_drug,-0.0112,all
diff_drug,-0.0546,all
diff_drug,0.0131,all
diff_drug,0.0306,all
diff_drug,0.0105,all
diff_drug,-0.002,all
diff_drug,0.0098,all
diff_drug,0.0366,all
diff_drug,-0.0145,all
diff_drug,0.0417,all
diff_drug,-0.0085,all
diff_drug,0.0167,all
diff_drug,0.0084,all
diff_drug,0.0217,all
diff_drug,0.0133,all
diff_drug,0.0502,all
diff_drug,0.0205,all
diff_drug,-0.0145,all
diff_drug,0.0311,all
diff_drug,-0.0018,all
diff_drug,-0.033,all
diff_drug,-0.0127,all
diff_drug,0.0265,all
diff_drug,0.065,all
diff_drug,0.054,all
diff_drug,0.0505,all
diff_drug,0.044,all
diff_drug,0.0133,all
diff_drug,0.0129,all
diff_drug,0.0167,all
diff_drug,0.0436,all
diff_drug,-0.0095,all
diff_drug,-0.0212,all
diff_drug,0.0128,all
diff_drug,0.018,all
diff_drug,-0.0227,all
diff_drug,0.0338,all
diff_drug,0.0648,all
diff_drug,-0.0263,all
diff_drug,0.0093,all
diff_drug,0.0126,all
diff_drug,0.0765,all
diff_drug,-0.0034,all
diff_drug,0.0065,all
diff_drug,0.0116,all
diff_drug,-0.0087,all
diff_drug,0.0295,all
diff_drug,-0.0065,all
diff_drug,0.0033,all
diff_drug,0.028,all
diff_drug,0.0281,all
diff_drug,-0.0429,all
diff_drug,0.0501,all
diff_drug,0.016,all
diff_drug,0.0316,all
diff_drug,0.0146,all
diff_drug,0.0016,all
diff_drug,-0.001,all
diff_drug,-0.0302,all
diff_drug,0.0273,all
diff_drug,0.045,all
diff_drug,0.0232,all
diff_drug,0.0265,all
diff_drug,0.0227,all
diff_drug,0.0386,all
diff_drug,0.0107,all
diff_drug,0.0756,all
diff_drug,0.028,all
diff_drug,0.0241,all
diff_drug,-0.0134,all
diff_drug,0.0068,all
diff_drug,0.0552,all
diff_drug,-0.007,all
diff_drug,-0.0321,all
diff_drug,0.0433,all
diff_drug,0.0277,all
diff_drug,0.0149,all
diff_drug,0.0277,all
diff_drug,-0.0238,all
diff_drug,0.0212,all
diff_drug,-0.0455,all
diff_drug,0.0453,all
diff_drug,0.1425,all
diff_drug,0.0441,all
diff_drug,0.0308,all
diff_drug,0.0151,all
diff_drug,0.0417,all
diff_drug,0.0341,all
diff_drug,0.0043,all
diff_drug,0.0198,all
diff_drug,-0.016,all
diff_drug,0.0225,all
diff_drug,0.0258,all
diff_drug,0.0116,all
diff_drug,0.0298,all
diff_drug,-0.0061,all
diff_drug,0.0446,all
diff_drug,-0.0128,all
diff_drug,-0.0147,all
diff_drug,0.02,all
diff_drug,0.0163,all
diff_drug,-0.0144,all
diff_drug,0.027,all
diff_drug,0.0399,all
diff_drug,0.0055,all
diff_drug,0.024,all
diff_drug,0.0479,all
diff_drug,-0.033,all
diff_drug,-0.0197,all
diff_drug,0.0667,all
diff_drug,0.0452,all
diff_drug,0.0295,all
diff_drug,0.0007,all
diff_drug,0.0253,all
diff_drug,0.0571,all
diff_drug,0.0446,all
diff_drug,0.0731,all
diff_drug,0.0379,all
diff_drug,0.0358,all
diff_drug,0.003,all
diff_drug,0.0279,all
diff_drug,0.0266,all
diff_drug,0.0336,all
diff_drug,0.0083,all
diff_drug,0.0213,all
diff_drug,0.0353,all
diff_drug,0.0405,all
diff_drug,0.0138,all
diff_drug,-0.0268,all
diff_drug,-0.0565,all
diff_drug,0.113,all
diff_drug,0.0202,all
diff_drug,0.0073,all
diff_drug,-0.0063,all
diff_drug,0.0085,all
diff_drug,0.0135,all
diff_drug,0.0345,all
diff_drug,0.0601,all
diff_drug,-0.0057,all
diff_drug,0.0046,all
diff_drug,0.0332,all
diff_drug,0.0388,all
diff_drug,0.0627,all
diff_drug,0.0085,all
diff_drug,-0.0289,all
diff_drug,0.0425,all
diff_drug,0.0114,all
diff_drug,-0.0017,all
diff_drug,0.0228,all
diff_drug,0.0523,all
diff_drug,0.0228,all
diff_drug,0.032,all
diff_drug,-0.0174,all
diff_drug,0.0229,all
diff_drug,0.0138,all
diff_drug,0.012,all
diff_drug,0.0561,all
diff_drug,-0.0017,all
diff_drug,-0.0012,all
diff_drug,-0.0382,all
diff_drug,0.0462,all
diff_drug,0.0139,all
diff_drug,-0.0265,all
diff_drug,0.0197,all
diff_drug,-0.0153,all
diff_drug,0.1831,all
diff_drug,0.0239,all
diff_drug,0.0158,all
diff_drug,-0.0282,all
diff_drug,0.0231,all
diff_drug,-0.0083,all
diff_drug,-0.0166,all
diff_drug,0.0131,all
diff_drug,0.0213,all
diff_drug,-0.0149,all
diff_drug,0.035,all
diff_drug,0.0244,all
diff_drug,0.0145,all
diff_drug,-0.02,all
diff_drug,0.0602,all
diff_drug,0.0322,all
diff_drug,0.0218,all
diff_drug,0.0454,all
diff_drug,0.0347,all
diff_drug,0.015,all
diff_drug,0.0228,all
diff_drug,0.0263,all
diff_drug,0.0028,all
diff_drug,0.0019,all
diff_drug,0.0612,all
diff_drug,0.0142,all
diff_drug,0.015,all
diff_drug,-0.047,all
diff_drug,0.0147,all
diff_drug,0.0361,all
diff_drug,0.0331,all
diff_drug,0.0025,all
diff_drug,0.0099,all
diff_drug,0.0011,all
diff_drug,-0.016,all
diff_drug,0.0283,all
diff_drug,0.0303,all
diff_drug,-0.008,all
diff_drug,0.0065,all
same_drug,-0.004,all
same_drug,0.0138,all
same_drug,0.0303,all
same_drug,0.0134,all
same_drug,0.0289,all
same_drug,0.4284,all
same_drug,0.0214,all
same_drug,0.0571,all
same_drug,0.0577,all
same_drug,0.067,all
same_drug,0.0671,all
same_drug,0.0304,all
same_drug,0.0904,all
same_drug,0.0062,all
same_drug,-0.0746,all
same_drug,0.0807,all
same_drug,0.0904,all
same_drug,0.0624,all
same_drug,0.0111,all
same_drug,0.0559,all
same_drug,0.0679,all
same_drug,0.0816,all
same_drug,0.0783,all
same_drug,-0.0087,all
same_drug,0.0075,all
same_drug,-0.0152,all
same_drug,0.0521,all
same_drug,0.0561,all
same_drug,0.0261,all
same_drug,0.0332,all
same_drug,-0.0837,all
same_drug,0.0114,all
same_drug,0.0359,all
same_drug,-0.013,all
same_drug,-0.0191,all
same_drug,0.0522,all
same_drug,0.0646,all
same_drug,0.0525,all
same_drug,0.0761,all
same_drug,0.0815,all
same_drug,0.2075,all
same_drug,0.0519,all
same_drug,0.0533,all
same_drug,0.05,all
same_drug,-0.0315,all
same_drug,0.065,all
same_drug,0.0198,all
same_drug,0.4611,all
same_drug,0.0296,all
same_drug,0.033,all
same_drug,0.0645,all
same_drug,0.0568,all
same_drug,0.0567,all
same_drug,0.0349,all
same_drug,0.1022,all
same_drug,0.007,all
same_drug,0.0102,all
same_drug,0.0618,all
same_drug,0.0544,all
same_drug,0.0012,all
same_drug,0.0383,all
same_drug,-0.0023,all
same_drug,0.0396,all
same_drug,0.0336,all
same_drug,0.0078,all
same_drug,0.0521,all
same_drug,0.0568,all
same_drug,0.0209,all
same_drug,0.0696,all
same_drug,-0.0057,all
same_drug,0.0637,all
same_drug,0.0647,all
same_drug,0.0382,all
same_drug,0.015,all
same_drug,0.0604,all
same_drug,0.0575,all
same_drug,0.0782,all
same_drug,0.1939,all
same_drug,-0.0157,all
same_drug,0.0341,all
same_drug,0.0184,all
same_drug,0.022,all
same_drug,0.0076,all
same_drug,-0.0342,all
same_drug,0.0551,all
same_drug,0.0687,all
same_drug,0.0607,all
same_drug,0.0181,all
same_drug,0.0567,all
same_drug,0.0345,all
same_drug,0.0671,all
same_drug,0.015,all
same_drug,0.0278,all
same_drug,0.0004,all
same_drug,0.0432,all
same_drug,0.0179,all
same_drug,0.0011,all
same_drug,0.0732,all
same_drug,0.0569,all
same_drug,0.0571,all
same_drug,0.0601,all
same_drug,-0.0003,all
same_drug,-0.0028,all
same_drug,0.0177,all
same_drug,0.0388,all
same_drug,-0.0241,all
same_drug,0.0418,all
same_drug,-0.0045,all
same_drug,0.0002,all
same_drug,-0.0162,all
same_drug,0.0325,all
same_drug,0.079,all
same_drug,0.037,all
same_drug,0.0522,all
same_drug,-0.0283,all
same_drug,-0.0426,all
same_drug,0.0003,all
same_drug,0.0134,all
same_drug,0.0648,all
same_drug,0.0392,all
same_drug,0.0648,all
same_drug,0.0396,all
same_drug,0.0576,all
same_drug,-0.0079,all
same_drug,0.0598,all
same_drug,0.1003,all
same_drug,0.0371,all
same_drug,0.088,all
same_drug,-0.0002,all
same_drug,-0.0109,all
same_drug,-0.0075,all
same_drug,0.1024,all
same_drug,0.0058,all
same_drug,0.0613,all
same_drug,0.03,all
same_drug,0.0386,all
same_drug,0.0429,all
same_drug,0.075,all
same_drug,0.0103,all
same_drug,-0.0028,all
same_drug,0.022,all
same_drug,0.117,all
same_drug,0.0416,all
same_drug,0.0795,all
same_drug,0.1424,all
same_drug,-0.0135,all
same_drug,0.0661,all
same_drug,0.033,all
same_drug,0.0534,all
same_drug,0.0639,all
same_drug,-0.0235,all
same_drug,0.049,all
same_drug,0.0816,all
same_drug,0.0076,all
same_drug,0.0324,all
same_drug,0.0149,all
same_drug,0.1075,all
same_drug,0.0422,all
same_drug,0.0966,all
same_drug,-0.0128,all
same_drug,0.0777,all
same_drug,0.0773,all
same_drug,0.0237,all
same_drug,0.0143,all
same_drug,-0.0157,all
same_drug,0.0895,all
same_drug,0.1233,all
same_drug,0.0273,all
same_drug,-0.0224,all
same_drug,-0.0144,all
same_drug,0.0816,all
same_drug,0.0507,all
same_drug,-0.0298,all
same_drug,0.1409,all
same_drug,0.0208,all
same_drug,0.0467,all
same_drug,0.0433,all
same_drug,0.0366,all
same_drug,-0.0211,all
same_drug,0.0656,all
same_drug,0.0017,all
same_drug,-0.005,all
same_drug,-0.0025,all
same_drug,-0.0505,all
same_drug,0.0014,all
same_drug,-0.0039,all
same_drug,0.0621,all
same_drug,0.0676,all
same_drug,0.0639,all
same_drug,-0.0079,all
same_drug,-0.0371,all
same_drug,0.0065,all
same_drug,0.0078,all
same_drug,0.2695,all
same_drug,0.072,all
same_drug,0.04,all
same_drug,-0.0132,all
same_drug,0.0671,all
same_drug,-0.006,all
same_drug,0.0197,all
same_drug,0.0716,all
same_drug,0.0495,all
same_drug,0.035,all
same_drug,0.0439,all
same_drug,0.069,all
same_drug,0.0226,all
same_drug,-0.003,all
same_drug,0.0448,all
same_drug,0.0251,all
same_drug,0.0041,all
same_drug,0.0637,all
same_drug,0.0015,all
same_drug,0.0688,all
same_drug,0.0321,all
same_drug,0.069,all
same_drug,0.0542,all
same_drug,0.0167,all
same_drug,0.0375,all
same_drug,0.0938,all
same_drug,-0.0214,all
same_drug,0.0018,all
same_drug,0.013,all
same_drug,0.0101,all
same_drug,0.01,all
same_drug,0.0648,all
same_drug,-0.0033,all
same_drug,0.0543,all
same_drug,0.047,all
same_drug,0.0836,all
same_drug,-0.0205,all
same_drug,0.0012,all
same_drug,0.0001,all
same_drug,0.0083,all
same_drug,0.0601,all
same_drug,0.0669,all
same_drug,0.0496,all
same_drug,0.0422,all
same_drug,-0.0272,all
same_drug,0.0186,all
same_drug,0.1782,all
same_drug,0.0402,all
same_drug,0.0464,all
same_drug,0.0003,all
same_drug,-0.0052,all
same_drug,0.0691,all
same_drug,0.0548,all
same_drug,0.0528,all
same_drug,0.0531,all
same_drug,-0.0003,all
same_drug,0.0262,all
same_drug,0.3631,all
same_drug,0.0784,all
same_drug,0.0556,all
same_drug,0.0168,all
same_drug,0.075,all
same_drug,0.0373,all
same_drug,0.003,all
same_drug,0.1197,all
same_drug,0.0143,all
same_drug,0.0291,all
same_drug,0.0878,all
same_drug,0.4101,all
same_drug,0.0843,all
same_drug,0.0464,all
same_drug,0.0502,all
same_drug,0.5024,all
same_drug,0.1206,all
same_drug,0.0564,all
same_drug,-0.0349,all
same_drug,-0.0185,all
same_drug,0.054,all
same_drug,0.0509,all
same_drug,0.0815,all
same_drug,0.0534,all
same_drug,0.0555,all
same_drug,0.0601,all
same_drug,0.0748,all
same_drug,0.0107,all
same_drug,0.0155,all
same_drug,-0.0226,all
same_drug,0.0292,all
same_drug,0.0549,all
same_drug,0.0325,all
same_drug,-0.0171,all
same_drug,0.0544,all
same_drug,0.0846,all
same_drug,0.0793,all
same_drug,0.0316,all
same_drug,-0.0391,all
same_drug,0.0665,all
same_drug,0.0668,all
same_drug,-0.0039,all
same_drug,0.0462,all
same_drug,0.0739,all
same_drug,-0.003,all
same_drug,0.069,all
same_drug,0.0151,all
same_drug,0.0215,all
same_drug,0.0982,all
same_drug,0.0558,all
same_drug,0.0683,all
same_drug,0.0085,all
same_drug,-0.0168,all
same_drug,0.0386,all
same_drug,0.0771,all
same_drug,-0.0222,all
same_drug,0.0131,all
same_drug,0.0178,all
same_drug,0.2916,all
same_drug,0.0924,all
same_drug,0.0458,all
same_drug,-0.0169,all
same_drug,0.0282,all
same_drug,0.0193,all
same_drug,0.076,all
same_drug,0.0427,all
same_drug,0.0854,all
same_drug,0.0086,all
same_drug,-0.0368,all
same_drug,0.0329,all
same_drug,0.023,all
same_drug,0.0775,all
same_drug,0.0596,all
same_drug,0.0275,all
same_drug,0.0464,all
same_drug,-0.0226,all
same_drug,0.0068,all
same_drug,0.0532,all
same_drug,0.0061,all
same_drug,0.0583,all
same_drug,-0.0414,all
same_drug,0.0312,all
same_drug,-0.0292,all
same_drug,0.0407,all
same_drug,0.0672,all
same_drug,0.0092,all
same_drug,0.0375,all
same_drug,0.0123,all
same_drug,0.0174,all
same_drug,0.0215,all
same_drug,0.0582,all
same_drug,0.0447,all
same_drug,0.0436,all
same_drug,-0.0481,all
same_drug,0.0469,all
same_drug,0.0864,all
same_drug,-0.0042,all
same_drug,0.0665,all
same_drug,0.0778,all
same_drug,0.0635,all
same_drug,0.0369,all
same_drug,0.0499,all
same_drug,0.04,all
same_drug,0.0524,all
same_drug,0.0579,all
same_drug,0.0265,all
same_drug,0.1206,all
same_drug,0.0356,all
same_drug,0.003,all
same_drug,0.053,all
same_drug,0.0073,all
same_drug,0.0281,all
same_drug,0.0327,all
same_drug,0.0052,all
same_drug,0.021,all
same_drug,0.0626,all
same_drug,0.0169,all
same_drug,0.0106,all
same_drug,-0.0275,all
same_drug,-0.001,all
same_drug,0.0975,all
same_drug,-0.0208,all
same_drug,0.0676,all
same_drug,0.0076,all
same_drug,-0.0062,all
same_drug,0.033,all
same_drug,0.0117,all
same_drug,0.0308,all
same_drug,0.0588,all
same_drug,0.0193,all
same_drug,0.0606,all
same_drug,0.0022,all
same_drug,0.0379,all
same_drug,0.0839,all
same_drug,0.0176,all
same_drug,0.0241,all
same_drug,0.0386,all
same_drug,0.0639,all
same_drug,0.0374,all
same_drug,0.0423,all
same_drug,0.098,all
same_drug,0.025,all
same_drug,0.0092,all
same_drug,0.0014,all
same_drug,0.0022,all
same_drug,0.175,all
same_drug,0.0418,all
same_drug,0.0776,all
same_drug,0.0428,all
same_drug,0.0246,all
same_drug,0.0843,all
same_drug,0.024,all
same_drug,0.0668,all
same_drug,0.0411,all
same_drug,-0.0043,all
same_drug,0.0845,all
same_drug,-0.0049,all
same_drug,0.0495,all
same_drug,0.0908,all
same_drug,0.0363,all
same_drug,0.0463,all
same_drug,-0.0214,all
same_drug,0.048,all
same_drug,0.0049,all
same_drug,0.0466,all
same_drug,0.005,all
same_drug,-0.0004,all
same_drug,0.0034,all
same_drug,0.0302,all
same_drug,0.0283,all
same_drug,0.1918,all
same_drug,0.0633,all
same_drug,0.0567,all
same_drug,0.0067,all
same_drug,0.0276,all
same_drug,0.036,all
same_drug,0.0665,all
same_drug,0.0744,all
same_drug,0.0828,all
same_drug,0.0872,all
same_drug,0.068,all
same_drug,0.0924,all
same_drug,0.0089,all
same_drug,0.0592,all
same_drug,0.0422,all
same_drug,0.1188,all
same_drug,0.0801,all
same_drug,-0.0104,all
same_drug,0.058,all
same_drug,0.059,all
same_drug,0.0078,all
same_drug,0.0072,all
same_drug,0.0815,all
same_drug,0.0663,all
same_drug,0.1042,all
same_drug,0.0065,all
same_drug,0.0836,all
same_drug,0.0039,all
same_drug,0.068,all
same_drug,0.0445,all
same_drug,0.3469,all
same_drug,0.0065,all
same_drug,-0.0187,all
same_drug,0.02,all
same_drug,0.0334,all
same_drug,0.0675,all
same_drug,0.0227,all
same_drug,0.0617,all
same_drug,0.0136,all
same_drug,0.0121,all
same_drug,-0.0193,all
same_drug,0.0321,all
same_drug,0.0488,all
same_drug,-0.0178,all
same_drug,0.0076,all
same_drug,0.0655,all
same_drug,0.0487,all
same_drug,0.0105,all
same_drug,0.0274,all
same_drug,0.001,all
same_drug,-0.005,all
same_drug,0.0485,all
same_drug,0.0654,all
same_drug,0.0057,all
same_drug,0.0285,all
same_drug,0.0444,all
same_drug,0.0655,all
same_drug,-0.0233,all
same_drug,0.0013,all
same_drug,0.0747,all
same_drug,-0.011,all
same_drug,0.0569,all
same_drug,0.0615,all
same_drug,0.0086,all
same_drug,0.0107,all
same_drug,0.0468,all
same_drug,0.0562,all
same_drug,0.038,all
same_drug,0.0715,all
same_drug,0.0226,all
same_drug,-0.0117,all
same_drug,0.0088,all
same_drug,0.0441,all
same_drug,-0.0045,all
same_drug,0.0658,all
same_drug,0.062,all
same_drug,0.0408,all
same_drug,0.0891,all
same_drug,0.0299,all
same_drug,0.0188,all
any_pair,-0.1516,responder
any_pair,-0.2234,responder
any_pair,-0.0636,responder
any_pair,0.2875,responder
any_pair,-0.1023,responder
any_pair,0.1219,responder
any_pair,-0.1125,responder
any_pair,0.1255,responder
any_pair,0.1724,responder
any_pair,0.2695,responder
any_pair,0.0558,responder
any_pair,0.2427,responder
any_pair,0.1195,responder
any_pair,0.2539,responder
any_pair,0.3419,responder
any_pair,0.1046,responder
any_pair,0.4217,responder
any_pair,0.0569,responder
any_pair,0.0059,responder
any_pair,0.0989,responder
any_pair,-0.0733,responder
any_pair,0.3618,responder
any_pair,0.1898,responder
any_pair,0.3456,responder
any_pair,-0.0002,responder
any_pair,0.0469,responder
any_pair,-0.0672,responder
any_pair,0.0807,responder
any_pair,0.0426,responder
any_pair,0.0992,responder
any_pair,0.1641,responder
any_pair,0.0164,responder
any_pair,0.2231,responder
any_pair,0.1999,responder
any_pair,0.4321,responder
any_pair,0.0658,responder
any_pair,-0.1066,responder
any_pair,-0.2743,responder
any_pair,0.261,responder
any_pair,0.043,responder
any_pair,-0.3626,responder
any_pair,-0.0543,responder
any_pair,0.1967,responder
any_pair,-0.1615,responder
any_pair,0.1792,responder
any_pair,0.3096,responder
any_pair,0.2745,responder
any_pair,0.1516,responder
any_pair,0.4191,responder
any_pair,0.1062,responder
any_pair,0.0073,responder
any_pair,-0.0257,responder
any_pair,0.0831,responder
any_pair,0.0716,responder
any_pair,0.1297,responder
any_pair,0.21,responder
any_pair,0.1501,responder
any_pair,-0.072,responder
any_pair,0.0554,responder
any_pair,0.2772,responder
any_pair,-0.2481,responder
any_pair,0.1465,responder
any_pair,-0.0434,responder
any_pair,-0.1511,responder
any_pair,-0.1904,responder
any_pair,0.2988,responder
any_pair,0.2708,responder
any_pair,0.0939,responder
any_pair,0.311,responder
any_pair,-0.0514,responder
any_pair,-0.0295,responder
any_pair,0.0483,responder
any_pair,-0.0737,responder
any_pair,0.1018,responder
any_pair,0.0311,responder
any_pair,0.5017,responder
any_pair,-0.0249,responder
any_pair,0.136,responder
any_pair,0.2238,responder
any_pair,-0.1108,responder
any_pair,0.1166,responder
any_pair,0.1884,responder
any_pair,0.4113,responder
any_pair,-0.1646,responder
any_pair,-0.0367,responder
any_pair,0.1768,responder
any_pair,0.3729,responder
any_pair,0.1179,responder
any_pair,0.2611,responder
any_pair,0.0621,responder
any_pair,-0.1138,responder
any_pair,0.0718,responder
any_pair,0.2275,responder
any_pair,0.0694,responder
any_pair,0.3961,responder
any_pair,-0.056,responder
any_pair,0.1876,responder
any_pair,0.1216,responder
any_pair,0.5185,responder
any_pair,0.4727,responder
any_pair,0.2304,responder
any_pair,0.0842,responder
any_pair,0.1364,responder
any_pair,0.3051,responder
any_pair,0.0915,responder
any_pair,0.0454,responder
any_pair,-0.6275,responder
any_pair,0.0058,responder
any_pair,0.1315,responder
any_pair,0.0243,responder
any_pair,0.2183,responder
any_pair,-0.1309,responder
any_pair,0.2745,responder
any_pair,0.0575,responder
any_pair,0.1467,responder
any_pair,0.214,responder
any_pair,0.1027,responder
any_pair,0.1051,responder
any_pair,0.1912,responder
any_pair,0.0979,responder
any_pair,0.0233,responder
any_pair,-0.4517,responder
any_pair,0.4368,responder
any_pair,0.0866,responder
any_pair,0.324,responder
any_pair,-0.0965,responder
any_pair,-0.0106,responder
any_pair,0.0319,responder
any_pair,0.3624,responder
any_pair,0.2339,responder
any_pair,0.5236,responder
any_pair,0.0496,responder
any_pair,0.1866,responder
any_pair,0.0757,responder
any_pair,0.0238,responder
any_pair,0.2798,responder
any_pair,-0.0025,responder
any_pair,0.0496,responder
any_pair,-0.161,responder
any_pair,0.1578,responder
any_pair,0.1649,responder
any_pair,-0.0782,responder
any_pair,0.0881,responder
any_pair,0.3097,responder
any_pair,0.0402,responder
any_pair,0.3514,responder
any_pair,0.3499,responder
any_pair,0.1016,responder
any_pair,0.5638,responder
any_pair,0.0138,responder
any_pair,0.1362,responder
any_pair,-0.0061,responder
any_pair,0.0703,responder
any_pair,-0.0314,responder
any_pair,-0.0829,responder
any_pair,0.0324,responder
any_pair,0.2586,responder
any_pair,0.1294,responder
any_pair,0.1034,responder
any_pair,0.039,responder
any_pair,0.1877,responder
any_pair,0.0242,responder
any_pair,0.0354,responder
any_pair,0.0803,responder
any_pair,0.1272,responder
any_pair,0.0813,responder
any_pair,0.1544,responder
any_pair,0.5809,responder
any_pair,0.07,responder
any_pair,0.3486,responder
any_pair,0.4129,responder
any_pair,0.2472,responder
any_pair,0.0145,responder
any_pair,0.2307,responder
any_pair,-0.0243,responder
any_pair,-0.0967,responder
any_pair,0.3165,responder
any_pair,-0.0751,responder
any_pair,0.2315,responder
any_pair,-0.0384,responder
any_pair,0.128,responder
any_pair,0.0405,responder
any_pair,0.1439,responder
any_pair,0.0035,responder
any_pair,0.1495,responder
any_pair,0.3337,responder
any_pair,0.3299,responder
any_pair,0.3347,responder
any_pair,0.1694,responder
any_pair,0.2573,responder
any_pair,0.2515,responder
any_pair,0.0871,responder
any_pair,0.0214,responder
any_pair,0.2741,responder
any_pair,0.5152,responder
any_pair,-0.2679,responder
any_pair,0.0795,responder
any_pair,0.4866,responder
any_pair,0.0569,responder
any_pair,0.1597,responder
any_pair,0.3488,responder
any_pair,0.1315,responder
any_pair,-0.2359,responder
any_pair,0.1954,responder
any_pair,-0.2817,responder
any_pair,-0.0733,responder
any_pair,0.0032,responder
any_pair,0.0427,responder
any_pair,0.3036,responder
any_pair,0.0391,responder
any_pair,-0.2227,responder
any_pair,0.0037,responder
any_pair,0.064,responder
any_pair,0.5936,responder
any_pair,0.1043,responder
any_pair,-0.0306,responder
any_pair,0.3536,responder
any_pair,-0.0821,responder
any_pair,0.2162,responder
any_pair,0.0532,responder
any_pair,-0.1587,responder
any_pair,-0.1737,responder
any_pair,0.1101,responder
any_pair,-0.0468,responder
any_pair,0.3981,responder
any_pair,0.0404,responder
any_pair,-0.1079,responder
any_pair,-0.001,responder
any_pair,0.0725,responder
any_pair,0.3542,responder
any_pair,0.065,responder
any_pair,0.0284,responder
any_pair,0.029,responder
any_pair,-0.1032,responder
any_pair,-0.091,responder
any_pair,-0.0605,responder
any_pair,-0.1965,responder
any_pair,-0.0023,responder
any_pair,-0.164,responder
any_pair,0.0891,responder
any_pair,0.184,responder
any_pair,0.2572,responder
any_pair,0.125,responder
any_pair,0.0901,responder
any_pair,0.161,responder
any_pair,-0.0618,responder
any_pair,0.1931,responder
any_pair,0.2574,responder
any_pair,-0.2015,responder
any_pair,0.0614,responder
any_pair,0.119,responder
any_pair,-0.1093,responder
any_pair,0.1278,responder
any_pair,0.0418,responder
any_pair,0.0608,responder
any_pair,0.0285,responder
any_pair,0.0754,responder
any_pair,0.1858,responder
any_pair,-0.1003,responder
any_pair,0.092,responder
any_pair,0.0664,responder
any_pair,0.2748,responder
any_pair,0.1092,responder
any_pair,0.0303,responder
any_pair,0.1487,responder
any_pair,-0.1725,responder
any_pair,0.0207,responder
any_pair,0.1268,responder
any_pair,0.1287,responder
any_pair,0.2447,responder
any_pair,0.0819,responder
any_pair,0.1762,responder
any_pair,0.0882,responder
any_pair,-0.0848,responder
any_pair,-0.1317,responder
any_pair,0.1839,responder
any_pair,-0.0712,responder
any_pair,0.0473,responder
any_pair,-0.3853,responder
any_pair,0.1518,responder
any_pair,0.1479,responder
any_pair,0.1347,responder
any_pair,0.319,responder
any_pair,0.1974,responder
any_pair,0.1246,responder
any_pair,0.6291,responder
any_pair,0.1007,responder
any_pair,-0.0192,responder
any_pair,0.0672,responder
any_pair,0.2611,responder
any_pair,0.0535,responder
any_pair,0.1182,responder
any_pair,-0.09,responder
any_pair,0.043,responder
any_pair,0.471,responder
any_pair,0.1105,responder
any_pair,0.1639,responder
any_pair,-0.1733,responder
any_pair,0.277,responder
any_pair,0.0702,responder
any_pair,0.2333,responder
any_pair,-0.1328,responder
any_pair,0.1413,responder
any_pair,0.2009,responder
any_pair,0.2578,responder
any_pair,0.2838,responder
any_pair,0.0263,responder
any_pair,0.2538,responder
any_pair,-0.1291,responder
any_pair,0.0146,responder
any_pair,-0.0151,responder
any_pair,-0.1127,responder
any_pair,0.4219,responder
any_pair,0.2791,responder
any_pair,-0.2555,responder
any_pair,-0.1279,responder
any_pair,0.0116,responder
any_pair,-0.0106,responder
any_pair,0.1756,responder
any_pair,-0.0215,responder
any_pair,0.0367,responder
any_pair,0.1338,responder
any_pair,0.1613,responder
any_pair,0.1765,responder
any_pair,0.2817,responder
any_pair,-0.017,responder
any_pair,-0.1945,responder
any_pair,0.1484,responder
any_pair,0.3611,responder
any_pair,0.1846,responder
any_pair,0.1676,responder
any_pair,-0.2417,responder
any_pair,0.0921,responder
any_pair,0.1075,responder
any_pair,0.349,responder
any_pair,0.1593,responder
any_pair,0.3159,responder
any_pair,-0.2399,responder
any_pair,-0.0409,responder
any_pair,0.1258,responder
any_pair,0.1287,responder
any_pair,0.073,responder
any_pair,0.2725,responder
any_pair,0.3452,responder
any_pair,0.212,responder
any_pair,0.3532,responder
any_pair,0.0903,responder
any_pair,-0.0619,responder
any_pair,0.218,responder
any_pair,0.1766,responder
any_pair,0.4228,responder
any_pair,0.1045,responder
any_pair,0.2578,responder
any_pair,0.0882,responder
any_pair,-0.0592,responder
any_pair,0.1556,responder
any_pair,0.1126,responder
any_pair,0.228,responder
any_pair,0.0893,responder
any_pair,0.2744,responder
any_pair,0.1174,responder
any_pair,-0.1652,responder
any_pair,0.123,responder
any_pair,-0.0873,responder
any_pair,0.1324,responder
any_pair,-0.0182,responder
any_pair,0.2294,responder
any_pair,0.0652,responder
any_pair,0.1881,responder
any_pair,0.4796,responder
any_pair,-0.082,responder
any_pair,0.2141,responder
any_pair,0.0078,responder
any_pair,0.1492,responder
any_pair,-0.3275,responder
any_pair,0.415,responder
any_pair,0.0077,responder
any_pair,0.1743,responder
any_pair,0.1077,responder
any_pair,0.405,responder
any_pair,0.1034,responder
any_pair,-0.0862,responder
any_pair,0.2105,responder
any_pair,0.099,responder
any_pair,0.053,responder
any_pair,0.3828,responder
any_pair,-0.0198,responder
any_pair,-0.0651,responder
any_pair,0.0072,responder
any_pair,0.0473,responder
any_pair,-0.1327,responder
any_pair,0.018,responder
any_pair,-0.0583,responder
any_pair,0.241,responder
any_pair,0.1981,responder
any_pair,0.0143,responder
any_pair,0.0578,responder
any_pair,0.3198,responder
any_pair,0.0074,responder
any_pair,0.1203,responder
any_pair,-0.0904,responder
any_pair,-0.0334,responder
any_pair,0.0693,responder
any_pair,0.0234,responder
any_pair,0.0608,responder
any_pair,0.2248,responder
any_pair,0.0713,responder
any_pair,0.0265,responder
any_pair,0.0726,responder
any_pair,-0.0633,responder
any_pair,0.2162,responder
any_pair,0.1692,responder
any_pair,-0.0173,responder
any_pair,0.2445,responder
any_pair,-0.2618,responder
any_pair,-0.0431,responder
any_pair,0.108,responder
any_pair,-0.0484,responder
any_pair,0.0874,responder
any_pair,0.2767,responder
any_pair,0.283,responder
any_pair,0.2202,responder
any_pair,0.4932,responder
any_pair,0.3207,responder
any_pair,0.4343,responder
any_pair,-0.2196,responder
any_pair,-0.155,responder
any_pair,0.0238,responder
any_pair,-0.218,responder
any_pair,0.0278,responder
any_pair,0.1341,responder
any_pair,-0.0642,responder
any_pair,0.0582,responder
any_pair,0.1456,responder
any_pair,0.1293,responder
any_pair,0.3056,responder
any_pair,0.0358,responder
any_pair,0.1217,responder
any_pair,-0.1836,responder
any_pair,0.1676,responder
diff_drug,0.0527,responder
diff_drug,-0.1613,responder
diff_drug,0.0717,responder
diff_drug,-0.1627,responder
diff_drug,-0.1011,responder
diff_drug,0.5247,responder
diff_drug,-0.0368,responder
diff_drug,-0.0735,responder
diff_drug,0.206,responder
diff_drug,0.4334,responder
diff_drug,0.1744,responder
diff_drug,0.1414,responder
diff_drug,0.3214,responder
diff_drug,-0.0091,responder
diff_drug,-0.0469,responder
diff_drug,0.211,responder
diff_drug,0.0189,responder
diff_drug,0.2324,responder
diff_drug,0.1421,responder
diff_drug,0.1474,responder
diff_drug,0.3654,responder
diff_drug,-0.0315,responder
diff_drug,0.0238,responder
diff_drug,0.1865,responder
diff_drug,0.2773,responder
diff_drug,-0.0208,responder
diff_drug,-0.0745,responder
diff_drug,0.2526,responder
diff_drug,-0.0566,responder
diff_drug,0.0561,responder
diff_drug,-0.5482,responder
diff_drug,0.0913,responder
diff_drug,0.1033,responder
diff_drug,0.1308,responder
diff_drug,-0.0321,responder
diff_drug,-0.0661,responder
diff_drug,0.1434,responder
diff_drug,0.0368,responder
diff_drug,0.1162,responder
diff_drug,-0.1946,responder
diff_drug,-0.044,responder
diff_drug,0.3798,responder
diff_drug,0.0698,responder
diff_drug,0.0756,responder
diff_drug,0.0109,responder
diff_drug,-0.2331,responder
diff_drug,0.2025,responder
diff_drug,0.3445,responder
diff_drug,-0.057,responder
diff_drug,0.0613,responder
diff_drug,0.004,responder
diff_drug,0.1531,responder
diff_drug,0.0913,responder
diff_drug,0.2031,responder
diff_drug,0.4059,responder
diff_drug,-0.0542,responder
diff_drug,-0.0118,responder
diff_drug,-0.0733,responder
diff_drug,-0.1015,responder
diff_drug,0.132,responder
diff_drug,0.3683,responder
diff_drug,-0.0303,responder
diff_drug,0.2111,responder
diff_drug,-0.0425,responder
diff_drug,0.2985,responder
diff_drug,0.2856,responder
diff_drug,0.2388,responder
diff_drug,-0.049,responder
diff_drug,-0.2094,responder
diff_drug,0.3081,responder
diff_drug,-0.0426,responder
diff_drug,0.0989,responder
diff_drug,-0.0589,responder
diff_drug,0.0289,responder
diff_drug,0.1358,responder
diff_drug,0.4243,responder
diff_drug,-0.0979,responder
diff_drug,0.4914,responder
diff_drug,0.1344,responder
diff_drug,0.1264,responder
diff_drug,-0.0414,responder
diff_drug,0.0275,responder
diff_drug,0.2068,responder
diff_drug,0.3046,responder
diff_drug,0.4349,responder
diff_drug,0.3328,responder
diff_drug,-0.0506,responder
diff_drug,-0.0503,responder
diff_drug,-0.2359,responder
diff_drug,-0.3762,responder
diff_drug,-0.2065,responder
diff_drug,0.1809,responder
diff_drug,0.0752,responder
diff_drug,0.2139,responder
diff_drug,0.1196,responder
diff_drug,0.0668,responder
diff_drug,0.3102,responder
diff_drug,0.0125,responder
diff_drug,-0.2178,responder
diff_drug,0.3891,responder
diff_drug,0.1948,responder
diff_drug,0.3027,responder
diff_drug,0.284,responder
diff_drug,0.0253,responder
diff_drug,0.2802,responder
diff_drug,-0.063,responder
diff_drug,-0.1219,responder
diff_drug,0.135,responder
diff_drug,0.0941,responder
diff_drug,0.0493,responder
diff_drug,-0.0565,responder
diff_drug,0.2299,responder
diff_drug,-0.1073,responder
diff_drug,0.0717,responder
diff_drug,0.0561,responder
diff_drug,0.037,responder
diff_drug,-0.0327,responder
diff_drug,0.0683,responder
diff_drug,-0.1507,responder
diff_drug,0.0422,responder
diff_drug,0.2137,responder
diff_drug,-0.0355,responder
diff_drug,0.1811,responder
diff_drug,0.3396,responder
diff_drug,0.333,responder
diff_drug,-0.001,responder
diff_drug,0.2881,responder
diff_drug,0.445,responder
diff_drug,0.5144,responder
diff_drug,-0.1704,responder
diff_drug,0.5506,responder
diff_drug,0.2285,responder
diff_drug,0.0189,responder
diff_drug,0.279,responder
diff_drug,0.5731,responder
diff_drug,0.2772,responder
diff_drug,-0.1079,responder
diff_drug,0.0853,responder
diff_drug,0.0951,responder
diff_drug,-0.0,responder
diff_drug,-0.0407,responder
diff_drug,0.3065,responder
diff_drug,0.1681,responder
diff_drug,0.3166,responder
diff_drug,0.2391,responder
diff_drug,0.1393,responder
diff_drug,0.0211,responder
diff_drug,0.3187,responder
diff_drug,-0.0697,responder
diff_drug,-0.1874,responder
diff_drug,0.2081,responder
diff_drug,0.0666,responder
diff_drug,0.1978,responder
diff_drug,0.1224,responder
diff_drug,0.0048,responder
diff_drug,0.0434,responder
diff_drug,-0.109,responder
diff_drug,-0.1075,responder
diff_drug,0.2133,responder
diff_drug,0.071,responder
diff_drug,0.4265,responder
diff_drug,0.0818,responder
diff_drug,-0.0763,responder
diff_drug,0.4096,responder
diff_drug,0.1726,responder
diff_drug,0.2737,responder
diff_drug,0.1703,responder
diff_drug,0.2381,responder
diff_drug,0.2181,responder
diff_drug,0.3203,responder
diff_drug,0.1209,responder
diff_drug,0.4019,responder
diff_drug,0.0054,responder
diff_drug,0.1423,responder
diff_drug,0.0258,responder
diff_drug,0.1711,responder
diff_drug,0.4022,responder
diff_drug,0.0862,responder
diff_drug,0.1581,responder
diff_drug,-0.1953,responder
diff_drug,0.0335,responder
diff_drug,-0.0035,responder
diff_drug,-0.0287,responder
diff_drug,0.0169,responder
diff_drug,0.171,responder
diff_drug,0.201,responder
diff_drug,0.1195,responder
diff_drug,0.2043,responder
diff_drug,0.1505,responder
diff_drug,-0.0282,responder
diff_drug,0.1678,responder
diff_drug,0.165,responder
diff_drug,0.136,responder
diff_drug,0.1448,responder
diff_drug,0.0465,responder
diff_drug,-0.1258,responder
diff_drug,0.1794,responder
diff_drug,-0.0074,responder
diff_drug,0.2461,responder
diff_drug,0.2883,responder
diff_drug,-0.033,responder
diff_drug,0.0592,responder
diff_drug,0.244,responder
diff_drug,-0.0325,responder
diff_drug,0.2783,responder
diff_drug,0.0609,responder
diff_drug,0.4715,responder
diff_drug,0.2253,responder
diff_drug,-0.1353,responder
diff_drug,0.0522,responder
diff_drug,0.1767,responder
diff_drug,-0.009,responder
diff_drug,0.1515,responder
diff_drug,0.541,responder
diff_drug,0.0113,responder
diff_drug,0.0519,responder
diff_drug,0.2561,responder
diff_drug,0.0839,responder
diff_drug,-0.0755,responder
diff_drug,-0.0833,responder
diff_drug,0.1303,responder
diff_drug,0.1169,responder
diff_drug,0.2866,responder
diff_drug,-0.0847,responder
diff_drug,-0.0006,responder
diff_drug,0.0675,responder
diff_drug,0.2194,responder
diff_drug,-0.0232,responder
diff_drug,0.1091,responder
diff_drug,0.2681,responder
diff_drug,0.326,responder
diff_drug,-0.0969,responder
diff_drug,-0.2704,responder
diff_drug,0.2363,responder
diff_drug,0.0268,responder
diff_drug,-0.0189,responder
diff_drug,0.4877,responder
diff_drug,0.1262,responder
diff_drug,-0.0303,responder
diff_drug,0.3423,responder
diff_drug,0.4621,responder
diff_drug,0.3291,responder
diff_drug,-0.0993,responder
diff_drug,0.1761,responder
diff_drug,0.1064,responder
diff_drug,-0.0981,responder
diff_drug,0.3754,responder
diff_drug,0.071,responder
diff_drug,0.3694,responder
diff_drug,-0.0385,responder
diff_drug,-0.1368,responder
diff_drug,-0.0942,responder
diff_drug,-0.0633,responder
diff_drug,-0.2687,responder
diff_drug,0.0646,responder
diff_drug,0.1398,responder
diff_drug,0.0591,responder
diff_drug,-0.087,responder
diff_drug,0.0508,responder
diff_drug,0.2449,responder
diff_drug,0.3032,responder
diff_drug,0.0099,responder
diff_drug,-0.0915,responder
diff_drug,-0.038,responder
diff_drug,0.353,responder
diff_drug,0.0318,responder
diff_drug,0.3575,responder
diff_drug,0.1554,responder
diff_drug,-0.1963,responder
diff_drug,0.0938,responder
diff_drug,-0.0326,responder
diff_drug,-0.021,responder
diff_drug,0.1993,responder
diff_drug,0.3196,responder
diff_drug,0.3036,responder
diff_drug,0.3426,responder
diff_drug,0.349,responder
diff_drug,0.251,responder
diff_drug,0.0732,responder
diff_drug,0.2264,responder
diff_drug,0.2398,responder
diff_drug,0.0746,responder
diff_drug,-0.1123,responder
diff_drug,-0.0587,responder
diff_drug,0.3452,responder
diff_drug,0.1017,responder
diff_drug,-0.147,responder
diff_drug,0.1933,responder
diff_drug,0.1861,responder
diff_drug,0.0867,responder
diff_drug,-0.1997,responder
diff_drug,0.0647,responder
diff_drug,0.3461,responder
diff_drug,-0.0782,responder
diff_drug,0.3139,responder
diff_drug,0.0295,responder
diff_drug,-0.0101,responder
diff_drug,0.2676,responder
diff_drug,0.1175,responder
diff_drug,-0.0758,responder
diff_drug,0.0591,responder
diff_drug,0.0751,responder
diff_drug,0.1623,responder
diff_drug,0.1561,responder
diff_drug,0.0525,responder
diff_drug,-0.0121,responder
diff_drug,0.0307,responder
diff_drug,0.2531,responder
diff_drug,0.0713,responder
diff_drug,0.3348,responder
diff_drug,0.3281,responder
diff_drug,-0.0495,responder
diff_drug,0.0559,responder
diff_drug,0.0588,responder
diff_drug,0.0898,responder
diff_drug,0.0759,responder
diff_drug,0.1629,responder
diff_drug,-0.0283,responder
diff_drug,-0.084,responder
diff_drug,0.294,responder
diff_drug,0.1011,responder
diff_drug,-0.0075,responder
diff_drug,0.2562,responder
diff_drug,-0.2743,responder
diff_drug,0.1784,responder
diff_drug,0.3317,responder
diff_drug,0.1718,responder
diff_drug,0.068,responder
diff_drug,0.17,responder
diff_drug,0.1238,responder
diff_drug,0.1866,responder
diff_drug,-0.0007,responder
diff_drug,0.3047,responder
diff_drug,-0.1352,responder
diff_drug,0.0746,responder
diff_drug,0.1411,responder
diff_drug,0.0706,responder
diff_drug,0.0848,responder
diff_drug,-0.0058,responder
diff_drug,-0.138,responder
diff_drug,0.0038,responder
diff_drug,0.13,responder
diff_drug,0.1366,responder
diff_drug,-0.0895,responder
diff_drug,-0.005,responder
diff_drug,0.2659,responder
diff_drug,0.1155,responder
diff_drug,0.2918,responder
diff_drug,-0.2208,responder
diff_drug,-0.0042,responder
diff_drug,0.1675,responder
diff_drug,0.0272,responder
diff_drug,0.0947,responder
diff_drug,0.1389,responder
diff_drug,0.2065,responder
diff_drug,0.0278,responder
diff_drug,0.4513,responder
diff_drug,0.4244,responder
diff_drug,-0.1341,responder
diff_drug,0.1771,responder
diff_drug,0.0979,responder
diff_drug,-0.2808,responder
diff_drug,0.137,responder
diff_drug,0.3251,responder
diff_drug,0.0527,responder
diff_drug,-0.0072,responder
diff_drug,-0.0392,responder
diff_drug,0.0741,responder
diff_drug,0.299,responder
diff_drug,0.0833,responder
diff_drug,0.0457,responder
diff_drug,0.1591,responder
diff_drug,0.1079,responder
diff_drug,0.1497,responder
diff_drug,0.2636,responder
diff_drug,0.3461,responder
diff_drug,0.2799,responder
diff_drug,0.1527,responder
diff_drug,-0.1126,responder
diff_drug,0.0416,responder
diff_drug,0.2556,responder
diff_drug,0.2884,responder
diff_drug,0.4106,responder
diff_drug,0.1934,responder
diff_drug,0.0464,responder
diff_drug,0.1534,responder
diff_drug,0.1216,responder
diff_drug,0.005,responder
diff_drug,0.1038,responder
diff_drug,-0.2707,responder
diff_drug,-0.2744,responder
diff_drug,0.1667,responder
diff_drug,0.1849,responder
diff_drug,-0.0725,responder
diff_drug,0.2067,responder
diff_drug,-0.3114,responder
diff_drug,0.3742,responder
diff_drug,0.3763,responder
diff_drug,0.1917,responder
diff_drug,0.1295,responder
diff_drug,0.3533,responder
diff_drug,0.1859,responder
diff_drug,0.1851,responder
diff_drug,0.0987,responder
diff_drug,-0.0107,responder
diff_drug,0.2699,responder
diff_drug,0.0072,responder
diff_drug,0.0459,responder
diff_drug,0.3726,responder
diff_drug,0.0234,responder
diff_drug,0.0776,responder
diff_drug,0.2715,responder
diff_drug,0.3866,responder
diff_drug,0.105,responder
diff_drug,0.0434,responder
diff_drug,-0.1704,responder
diff_drug,0.1212,responder
diff_drug,0.057,responder
diff_drug,0.2194,responder
diff_drug,0.3148,responder
diff_drug,-0.1009,responder
diff_drug,-0.1048,responder
diff_drug,0.0265,responder
diff_drug,0.136,responder
diff_drug,-0.0572,responder
diff_drug,0.0773,responder
diff_drug,0.016,responder
diff_drug,-0.1906,responder
diff_drug,0.1718,responder
diff_drug,0.0541,responder
diff_drug,0.1017,responder
same_drug,0.2772,responder
same_drug,0.3902,responder
same_drug,0.0661,responder
same_drug,0.6379,responder
same_drug,0.0966,responder
same_drug,0.1683,responder
same_drug,0.5731,responder
same_drug,0.4074,responder
same_drug,0.2285,responder
same_drug,0.3375,responder
same_drug,0.012,responder
same_drug,-0.3935,responder
same_drug,0.4764,responder
same_drug,0.3931,responder
same_drug,0.5269,responder
same_drug,0.3029,responder
same_drug,0.6121,responder
same_drug,0.5419,responder
same_drug,0.2688,responder
same_drug,0.7968,responder
same_drug,0.0701,responder
same_drug,0.015,responder
same_drug,-0.0744,responder
same_drug,0.308,responder
same_drug,0.5045,responder
same_drug,0.3388,responder
same_drug,0.001,responder
same_drug,0.2075,responder
same_drug,-0.3613,responder
same_drug,0.4217,responder
same_drug,0.2931,responder
same_drug,0.1252,responder
same_drug,0.5345,responder
same_drug,0.5882,responder
same_drug,0.588,responder
same_drug,0.475,responder
same_drug,0.325,responder
same_drug,0.4764,responder
same_drug,-0.0098,responder
same_drug,0.4087,responder
same_drug,0.0875,responder
same_drug,0.5996,responder
same_drug,0.3279,responder
same_drug,0.3217,responder
same_drug,0.4764,responder
same_drug,0.5362,responder
same_drug,0.0365,responder
same_drug,0.709,responder
same_drug,0.096,responder
same_drug,0.0045,responder
same_drug,0.3188,responder
same_drug,0.2802,responder
same_drug,-0.0006,responder
same_drug,0.2682,responder
same_drug,0.0699,responder
same_drug,0.2048,responder
same_drug,0.3052,responder
same_drug,0.4428,responder
same_drug,0.1408,responder
same_drug,0.4645,responder
same_drug,0.0658,responder
same_drug,-0.0203,responder
same_drug,0.4979,responder
same_drug,0.4788,responder
same_drug,0.1053,responder
same_drug,0.4792,responder
same_drug,0.4561,responder
same_drug,0.3772,responder
same_drug,0.5395,responder
same_drug,-0.1291,responder
same_drug,0.2532,responder
same_drug,0.4916,responder
same_drug,0.026,responder
same_drug,-0.0705,responder
same_drug,0.4091,responder
same_drug,0.2941,responder
same_drug,0.3119,responder
same_drug,0.1058,responder
same_drug,0.3204,responder
same_drug,0.516,responder
same_drug,0.0536,responder
same_drug,0.0763,responder
same_drug,0.2209,responder
same_drug,0.2334,responder
same_drug,-0.1559,responder
same_drug,0.525,responder
same_drug,0.4305,responder
same_drug,0.263,responder
same_drug,0.5094,responder
same_drug,-0.0253,responder
same_drug,-0.0041,responder
same_drug,-0.0101,responder
same_drug,0.2817,responder
same_drug,-0.0187,responder
same_drug,0.4811,responder
same_drug,0.1311,responder
same_drug,-0.336,responder
same_drug,0.0611,responder
same_drug,0.3343,responder
same_drug,0.2299,responder
same_drug,0.4122,responder
same_drug,0.1976,responder
same_drug,-0.2702,responder
same_drug,-0.1677,responder
same_drug,0.5504,responder
same_drug,0.561,responder
same_drug,0.2949,responder
same_drug,0.2231,responder
same_drug,0.4899,responder
same_drug,-0.1822,responder
same_drug,0.594,responder
same_drug,0.5807,responder
same_drug,0.5159,responder
same_drug,0.1166,responder
same_drug,-0.0123,responder
same_drug,0.594,responder
same_drug,0.1978,responder
same_drug,0.4083,responder
same_drug,0.3615,responder
same_drug,0.4344,responder
same_drug,0.5643,responder
same_drug,0.0731,responder
same_drug,-0.0279,responder
same_drug,0.1384,responder
same_drug,0.6145,responder
same_drug,0.2384,responder
same_drug,0.5245,responder
same_drug,0.082,responder
same_drug,0.3397,responder
same_drug,0.2025,responder
same_drug,0.353,responder
same_drug,0.2888,responder
same_drug,-0.1379,responder
same_drug,0.4343,responder
same_drug,0.4154,responder
same_drug,-0.0447,responder
same_drug,-0.0049,responder
same_drug,-0.0921,responder
same_drug,0.6684,responder
same_drug,0.7211,responder
same_drug,0.6499,responder
same_drug,0.255,responder
same_drug,0.3823,responder
same_drug,0.5331,responder
same_drug,0.0611,responder
same_drug,0.6289,responder
same_drug,0.3881,responder
same_drug,0.1262,responder
same_drug,-0.1475,responder
same_drug,-0.0857,responder
same_drug,0.6722,responder
same_drug,0.4733,responder
same_drug,-0.1171,responder
same_drug,0.3612,responder
same_drug,-0.022,responder
same_drug,0.484,responder
same_drug,0.5607,responder
same_drug,0.2273,responder
same_drug,-0.3518,responder
same_drug,0.0865,responder
same_drug,-0.1219,responder
same_drug,-0.0435,responder
same_drug,-0.0861,responder
same_drug,0.0188,responder
same_drug,0.0051,responder
same_drug,0.4617,responder
same_drug,0.6387,responder
same_drug,0.3878,responder
same_drug,0.0278,responder
same_drug,-0.4314,responder
same_drug,-0.0583,responder
same_drug,0.4922,responder
same_drug,0.4583,responder
same_drug,0.5314,responder
same_drug,0.2648,responder
same_drug,0.0098,responder
same_drug,0.4067,responder
same_drug,-0.3369,responder
same_drug,0.4189,responder
same_drug,0.6499,responder
same_drug,0.2414,responder
same_drug,0.5716,responder
same_drug,0.6657,responder
same_drug,0.6226,responder
same_drug,-0.0587,responder
same_drug,0.3913,responder
same_drug,0.0065,responder
same_drug,0.2696,responder
same_drug,-0.0047,responder
same_drug,0.6665,responder
same_drug,0.3481,responder
same_drug,0.0441,responder
same_drug,0.2946,responder
same_drug,-0.28,responder
same_drug,0.1112,responder
same_drug,0.1216,responder
same_drug,0.2245,responder
same_drug,0.1159,responder
same_drug,-0.0526,responder
same_drug,0.0068,responder
same_drug,0.6088,responder
same_drug,0.0782,responder
same_drug,-0.0609,responder
same_drug,-0.0245,responder
same_drug,0.4225,responder
same_drug,0.6274,responder
same_drug,0.0731,responder
same_drug,0.5234,responder
same_drug,-0.1457,responder
same_drug,0.5258,responder
same_drug,0.4899,responder
same_drug,0.5571,responder
same_drug,0.3561,responder
same_drug,-0.1867,responder
same_drug,0.5287,responder
same_drug,0.348,responder
same_drug,0.3782,responder
same_drug,0.5766,responder
same_drug,-0.0024,responder
same_drug,0.3075,responder
same_drug,0.5434,responder
same_drug,0.3821,responder
same_drug,0.453,responder
same_drug,0.2815,responder
same_drug,0.5159,responder
same_drug,0.5149,responder
same_drug,0.0365,responder
same_drug,0.4923,responder
same_drug,0.176,responder
same_drug,-0.0503,responder
same_drug,0.3789,responder
same_drug,0.6673,responder
same_drug,0.299,responder
same_drug,0.5139,responder
same_drug,0.3585,responder
same_drug,0.7039,responder
same_drug,0.3596,responder
same_drug,0.3141,responder
same_drug,-0.5214,responder
same_drug,-0.2949,responder
same_drug,0.5356,responder
same_drug,0.4172,responder
same_drug,0.5438,responder
same_drug,0.4009,responder
same_drug,0.3883,responder
same_drug,0.5379,responder
same_drug,0.1026,responder
same_drug,-0.0147,responder
same_drug,0.1494,responder
same_drug,-0.0711,responder
same_drug,0.179,responder
same_drug,0.4597,responder
same_drug,0.4948,responder
same_drug,0.2429,responder
same_drug,-0.0939,responder
same_drug,0.6586,responder
same_drug,0.6911,responder
same_drug,0.5062,responder
same_drug,-0.0552,responder
same_drug,0.3914,responder
same_drug,-0.0659,responder
same_drug,0.0655,responder
same_drug,0.5707,responder
same_drug,0.4366,responder
same_drug,-0.0628,responder
same_drug,0.2514,responder
same_drug,0.0295,responder
same_drug,0.5296,responder
same_drug,-0.1436,responder
same_drug,0.2649,responder
same_drug,0.5371,responder
same_drug,0.4707,responder
same_drug,0.117,responder
same_drug,-0.253,responder
same_drug,0.0374,responder
same_drug,0.6774,responder
same_drug,0.2822,responder
same_drug,0.4166,responder
same_drug,0.0924,responder
same_drug,-0.223,responder
same_drug,0.3215,responder
same_drug,0.0367,responder
same_drug,-0.0132,responder
same_drug,-0.0084,responder
same_drug,0.5466,responder
same_drug,0.2229,responder
same_drug,-0.469,responder
same_drug,-0.0128,responder
same_drug,0.427,responder
same_drug,0.3056,responder
same_drug,0.1041,responder
same_drug,-0.012,responder
same_drug,0.386,responder
same_drug,0.5981,responder
same_drug,0.2512,responder
same_drug,0.6909,responder
same_drug,0.4486,responder
same_drug,0.0392,responder
same_drug,0.3485,responder
same_drug,0.6412,responder
same_drug,0.3345,responder
same_drug,0.1756,responder
same_drug,0.1317,responder
same_drug,0.0187,responder
same_drug,0.5865,responder
same_drug,0.4525,responder
same_drug,0.1569,responder
same_drug,0.3314,responder
same_drug,0.6888,responder
same_drug,0.0101,responder
same_drug,0.5548,responder
same_drug,-0.1059,responder
same_drug,0.2815,responder
same_drug,0.2429,responder
same_drug,-0.0177,responder
same_drug,0.3128,responder
same_drug,0.2347,responder
same_drug,0.0538,responder
same_drug,0.0261,responder
same_drug,-0.2541,responder
same_drug,0.3152,responder
same_drug,-0.0249,responder
same_drug,0.2819,responder
same_drug,-0.0816,responder
same_drug,0.1414,responder
same_drug,0.1124,responder
same_drug,0.3149,responder
same_drug,0.3981,responder
same_drug,0.0529,responder
same_drug,0.335,responder
same_drug,0.2439,responder
same_drug,0.5396,responder
same_drug,0.1847,responder
same_drug,0.7269,responder
same_drug,0.2724,responder
same_drug,0.3872,responder
same_drug,0.3395,responder
same_drug,0.1742,responder
same_drug,0.3427,responder
same_drug,0.1077,responder
same_drug,0.0178,responder
same_drug,-0.0983,responder
same_drug,0.0139,responder
same_drug,0.4364,responder
same_drug,0.5982,responder
same_drug,0.3561,responder
same_drug,0.3276,responder
same_drug,0.2124,responder
same_drug,0.5856,responder
same_drug,0.0004,responder
same_drug,0.6887,responder
same_drug,0.4584,responder
same_drug,-0.0164,responder
same_drug,0.4848,responder
same_drug,0.0664,responder
same_drug,0.1514,responder
same_drug,0.7186,responder
same_drug,0.1199,responder
same_drug,0.0797,responder
same_drug,-0.3063,responder
same_drug,0.3138,responder
same_drug,-0.3295,responder
same_drug,0.1337,responder
same_drug,-0.0907,responder
same_drug,-0.4121,responder
same_drug,0.1393,responder
same_drug,0.3528,responder
same_drug,0.4309,responder
same_drug,0.4322,responder
same_drug,0.4986,responder
same_drug,0.1831,responder
same_drug,-0.0439,responder
same_drug,0.6638,responder
same_drug,0.4771,responder
same_drug,0.3719,responder
same_drug,0.3986,responder
same_drug,0.4279,responder
same_drug,0.5101,responder
same_drug,0.6048,responder
same_drug,0.3653,responder
same_drug,-0.1137,responder
same_drug,0.4087,responder
same_drug,0.343,responder
same_drug,0.3808,responder
same_drug,0.4568,responder
same_drug,0.2519,responder
same_drug,0.3371,responder
same_drug,0.128,responder
same_drug,-0.0358,responder
same_drug,0.4005,responder
same_drug,0.5164,responder
same_drug,0.507,responder
same_drug,0.3354,responder
same_drug,0.5959,responder
same_drug,-0.0355,responder
same_drug,0.4984,responder
same_drug,0.6835,responder
same_drug,0.4601,responder
same_drug,-0.1334,responder
same_drug,0.0238,responder
same_drug,0.3175,responder
same_drug,0.1605,responder
same_drug,0.5916,responder
same_drug,0.0846,responder
same_drug,-0.2212,responder
same_drug,0.0192,responder
same_drug,0.2859,responder
same_drug,-0.1801,responder
same_drug,0.0529,responder
same_drug,0.3628,responder
same_drug,0.2396,responder
same_drug,-0.0316,responder
same_drug,0.0522,responder
same_drug,0.0384,responder
same_drug,0.4823,responder
same_drug,0.3793,responder
same_drug,0.1155,responder
same_drug,0.3392,responder
same_drug,0.4097,responder
same_drug,0.7342,responder
same_drug,-0.0556,responder
same_drug,0.0613,responder
same_drug,0.5446,responder
same_drug,-0.1961,responder
same_drug,0.1711,responder
same_drug,0.7168,responder
same_drug,0.0302,responder
same_drug,0.5385,responder
same_drug,0.242,responder
same_drug,0.3407,responder
same_drug,0.1009,responder
same_drug,0.0246,responder
same_drug,-0.1501,responder
same_drug,0.4329,responder
same_drug,0.0736,responder
same_drug,0.2706,responder
same_drug,0.5807,responder
same_drug,0.316,responder
same_drug,0.5129,responder
same_drug,0.2932,responder
